species001	PMID:21183147	med	025	Lancet Infect Dis. 11(1):57-64, 2011
species002	PMID:21807108	myc	071	Fungal Genet Biol. 48(11):1004-11, 2011
species003	PMID:21183148	med	026	Lancet Infect Dis. 11(1):65-71, 2011
species004	PMID:20961294	bot	081	New Phytol. 189(3):710-22, 2011
species005	PMID:21807107	myc	070	Fungal Genet Biol. 48(10):998-9, 2011
species006	PMID:20797444	myc	011	Fungal Genet Biol. 48(2):92-103, 2011
species007	PMID:21565476	pro	088	Eur J Protistol. 47(3):197-207, 2011
species008	PMID:21565477	pro	089	Eur J Protistol. 47(3):172-85, 2011
species009	PMID:21276719	pro	077	Eur J Protistol. 47(2):59-66, 2011
species010	PMID:20951091	med	008	Lancet Oncol. 12(4):399-408, 2011
species011	PMID:21075927	bac	047	J Bacteriol. 193(2):377-88, 2011
species012	PMID:21182519	zoo	043	J Anim Ecol. 80(2):375-83, 2011
species013	PMID:21073976	myc	030	Fungal Genet Biol. 48(4):353-8, 2011
species014	PMID:21182521	zoo	045	J Anim Ecol. 80(2):414-21, 2011
species015	PMID:20840508	bot	057	New Phytol. 189(1):241-52, 2011
species016	PMID:21303365	zoo	063	J Anim Ecol. 80(3):657-67, 2011
species017	PMID:21276754	med	049	Lancet Oncol. 12(8):806-14, 2011
species018	PMID:20955222	bot	016	Plant Cell Environ. 34(2):245-60, 2011
species019	PMID:20955223	bot	017	Plant Cell Environ. 34(2):261-9, 2011
species020	PMID:20955224	bot	068	Plant Cell Environ. 34(2):270-83, 2011
species021	PMID:20955225	bot	019	Plant Cell Environ. 34(2):284-90, 2011
species022	PMID:20955226	bot	020	Plant Cell Environ. 34(2):291-301, 2011
species023	PMID:20955227	bot	021	Plant Cell Environ. 34(2):302-13, 2011
species024	PMID:20971620	pro	074	Eur J Protistol. 47(1):29-50, 2011
species025	PMID:20955241	ent	009	Insect Mol Biol. 20(1):61-73, 2011
species026	PMID:20840555	zoo	011	J Anim Ecol. 80(1):171-82, 2011
species027	PMID:20932726	pro	071	Eur J Protistol. 47(1):16-23, 2011
species028	PMID:20637818	myc	093	Fungal Genet Biol. 47(12):1001-11, 2010
species029	PMID:20951165	vir	016	J Virol Methods. 171(1):86-90, 2011
species030	PMID:20951166	vir	017	J Virol Methods. 171(1):98-101, 2011
species031	PMID:20951167	vir	018	J Virol Methods. 171(1):91-7, 2011
species032	PMID:21420161	med	069	Lancet. 378(9785):57-72, 2011
species033	PMID:20854921	myc	016	Fungal Genet Biol. 48(3):306-26, 2011
species034	PMID:20971202	myc	027	Fungal Genet Biol. 48(2):154-65, 2011
species035	PMID:21323921	zoo	065	J Anim Ecol. 80(3):696-704, 2011
species036	PMID:21323922	zoo	066	J Anim Ecol. 80(3):615-21, 2011
species037	PMID:21323923	zoo	067	J Anim Ecol. 80(3):622-31, 2011
species038	PMID:20840607	zoo	012	J Anim Ecol. 80(1):89-100, 2011
species039	PMID:20840609	bot	060	New Phytol. 189(1):210-7, 2011
species040	PMID:20840610	bot	061	New Phytol. 189(1):308-20, 2011
species041	PMID:21220038	myc	052	Fungal Genet Biol. 48(4):370-6, 2011
species042	PMID:21426342	zoo	087	J Anim Ecol. 80(5):990-8, 2011
species043	PMID:21426343	zoo	088	J Anim Ecol. 80(6):1196-206, 2011
species044	PMID:21426344	zoo	089	J Anim Ecol. 80(5):938-46, 2011
species045	PMID:21199018	ent	022	Insect Mol Biol. 20(2):225-42, 2011
species046	PMID:21199019	ent	023	Insect Mol Biol. 20(3):303-10, 2011
species047	PMID:21199020	ent	024	Insect Mol Biol. 20(2):243-56, 2011
species048	PMID:21199022	ent	026	Insect Mol Biol. 20(3):311-21, 2011
species049	PMID:21353502	pro	081	Eur J Protistol. 47(2):86-102, 2011
species050	PMID:20809921	zoo	006	J Anim Ecol. 80(1):101-7, 2011
species051	PMID:20869315	med	007	Lancet Oncol. 12(1):92-9, 2011
species052	PMID:21067973	med	011	Lancet Oncol. 12(5):504-12, 2011
species053	PMID:21366563	zoo	071	J Anim Ecol. 80(4):799-808, 2011
species054	PMID:20173001	pro	055	Int J Syst Evol Microbiol. 61(Pt 1):155-9, 2011
species055	PMID:20173004	pro	058	Int J Syst Evol Microbiol. 61(Pt 1):138-43, 2011
species056	PMID:20173006	pro	060	Int J Syst Evol Microbiol. 61(Pt 1):128-31, 2011
species057	PMID:20173007	pro	061	Int J Syst Evol Microbiol. 61(Pt 1):123-7, 2011
species058	PMID:20601040	myc	004	Fungal Genet Biol. 48(2):177-84, 2011
species059	PMID:20173009	pro	063	Int J Syst Evol Microbiol. 61(Pt 1):105-9, 2011
species060	PMID:20173011	pro	065	Int J Syst Evol Microbiol. 61(Pt 1):110-7, 2011
species061	PMID:20173012	pro	066	Int J Syst Evol Microbiol. 61(Pt 1):99-104, 2011
species062	PMID:20173013	pro	067	Int J Syst Evol Microbiol. 61(Pt 1):35-9, 2011
species063	PMID:21272794	med	048	Lancet Infect Dis. 11(2):142-51, 2011
species064	PMID:21131484	bac	076	J Bacteriol. 193(4):842-53, 2011
species065	PMID:21418207	zoo	082	J Anim Ecol. 80(4):884-95, 2011
species066	PMID:21418208	zoo	083	J Anim Ecol. 80(4):875-83, 2011
species067	PMID:21418209	zoo	084	J Anim Ecol. 80(4):786-98, 2011
species068	PMID:21418210	zoo	085	J Anim Ecol. 80(5):908-17, 2011
species069	PMID:21131491	bac	081	J Bacteriol. 193(3):660-9, 2011
species070	PMID:21188839	zoo	047	J Anim Ecol. 80(1):1-3, 2011
species071	PMID:21131496	bac	083	J Bacteriol. 193(3):686-94, 2011
species072	PMID:21185234	med	027	Lancet Neurol. 10(3):280-8, 2011
species073	PMID:20519150	myc	005	Fungal Genet Biol. 48(1):4-14, 2011
species074	PMID:20044015	myc	089	Fungal Genet Biol. 47(4):310-7, 2010
species075	PMID:21029104	bot	087	New Phytol. 189(2):438-48, 2011
species076	PMID:21338353	zoo	068	J Anim Ecol. 80(5):958-67, 2011
species077	PMID:22182611	ent	088	Environ Entomol. 40(1):52-8, 2011
species078	PMID:20887797	myc	019	Fungal Genet Biol. 48(2):71-9, 2011
species079	PMID:21029116	bot	022	Plant Cell Environ. 34(1):113-26, 2011
species080	PMID:21029117	bot	073	Plant Cell Environ. 34(1):127-36, 2011
species081	PMID:20580606	med	001	Lancet Oncol. 12(1):100-8, 2011
species082	PMID:21498113	pro	038	Protist. 162(4):668-78, 2011
species083	PMID:21498115	med	095	Lancet Oncol. 12(6):604-8, 2011
species084	PMID:21463300	zoo	090	J Anim Ecol. 80(3):505-7, 2011
species085	PMID:21463301	zoo	091	J Anim Ecol. 80(3):688-95, 2011
species086	PMID:21256454	med	038	Lancet Neurol. 10(2):148-61, 2011
species087	PMID:21459211	med	082	Lancet. 377(9772):1198-209, 2011
species088	PMID:21111055	myc	035	Fungal Genet Biol. 48(3):225-40, 2011
species089	PMID:21109013	myc	034	Fungal Genet Biol. 48(3):241-51, 2011
species090	PMID:22182617	ent	094	Environ Entomol. 40(1):94-102, 2011
species091	PMID:21205278	ent	027	Insect Mol Biol. 20(2):267-78, 2011
species092	PMID:22182619	ent	096	Environ Entomol. 40(1):111-9, 2011
species093	PMID:20971912	bac	016	J Bacteriol. 193(1):63-74, 2011
species094	PMID:20840499	bot	055	New Phytol. 189(1):160-75, 2011
species095	PMID:21083871	zoo	032	J Anim Ecol. 80(2):448-55, 2011
species096	PMID:21496127	ent	038	Insect Mol Biol. 20(4):429-36, 2011
species097	PMID:21496128	ent	039	Insect Mol Biol. 20(4):437-45, 2011
species098	PMID:21184840	myc	047	Fungal Genet Biol. 48(4):418-29, 2011
species099	PMID:21074256	med	012	Lancet. 377(9771):1113-21, 2011
species100	PMID:21182520	zoo	044	J Anim Ecol. 80(2):431-7, 2011
species101	PMID:20633690	myc	092	Fungal Genet Biol. 47(12):1023-33, 2010
species102	PMID:21073977	myc	031	Fungal Genet Biol. 48(2):132-43, 2011
species103	PMID:20796206	zoo	005	J Anim Ecol. 80(1):204-14, 2011
species104	PMID:21600998	myc	087	Fungal Genet Biol. 48(8):784-92, 2011
species105	PMID:21907817	myc	079	Fungal Genet Biol. 48(11):1044-55, 2011
species106	PMID:21907818	myc	080	Fungal Genet Biol. 48(11):1062-70, 2011
species107	PMID:21039479	zoo	024	J Anim Ecol. 80(1):225-34, 2011
species108	PMID:20971900	bac	005	J Bacteriol. 193(1):143-53, 2011
species109	PMID:20971901	bac	006	J Bacteriol. 193(1):107-15, 2011
species110	PMID:20971902	bac	007	J Bacteriol. 193(1):163-76, 2011
species111	PMID:20971903	bac	008	J Bacteriol. 193(1):197-204, 2011
species112	PMID:20971904	bac	009	J Bacteriol. 193(1):98-106, 2011
species113	PMID:20971905	bac	010	J Bacteriol. 193(1):30-9, 2011
species114	PMID:20971906	bac	011	J Bacteriol. 193(1):215-24, 2011
species115	PMID:20971907	bac	012	J Bacteriol. 193(1):236-45, 2011
species116	PMID:20971909	bac	013	J Bacteriol. 193(1):274-82, 2011
species117	PMID:20971910	bac	014	J Bacteriol. 193(1):125-31, 2011
species118	PMID:20971911	bac	015	J Bacteriol. 193(1):52-62, 2011
species119	PMID:21035400	med	009	Lancet Neurol. 10(1):75-82, 2011
species120	PMID:20971913	bac	017	J Bacteriol. 193(1):177-89, 2011
species121	PMID:20971914	bac	018	J Bacteriol. 193(1):40-51, 2011
species122	PMID:20971915	bac	019	J Bacteriol. 193(1):132-42, 2011
species123	PMID:20971916	bac	020	J Bacteriol. 193(1):265-73, 2011
species124	PMID:21377422	pro	032	Protist. 162(3):482-9, 2011
species125	PMID:21526928	ent	093	J Insect Sci. 11:13, 2011
species126	PMID:21561747	pro	087	Eur J Protistol. 47(3):149-60, 2011
species127	PMID:21526932	ent	076	J Insect Sci. 11:16, 2011
species128	PMID:21526933	ent	077	J Insect Sci. 11:15, 2011
species129	PMID:21526934	ent	098	J Insect Sci. 11:14, 2011
species130	PMID:20933015	vir	009	J Virol Methods. 171(1):46-52, 2011
species131	PMID:20933017	vir	011	J Virol Methods. 171(1):53-60, 2011
species132	PMID:21070238	zoo	029	J Anim Ecol. 80(2):393-402, 2011
species133	PMID:21295519	pro	027	Protist. 162(2):332-72, 2011
species134	PMID:21696928	pro	097	Eur J Protistol. 47(4):239-44, 2011
species135	PMID:20708435	pro	012	Protist. 162(1):2-13, 2011
species136	PMID:21602035	pro	091	Eur J Protistol. 47(3):224-30, 2011
species137	PMID:21474379	med	086	Lancet Oncol. 12(6):583-93, 2011
species138	PMID:21195204	myc	049	Fungal Genet Biol. 48(4):456-64, 2011
species139	PMID:21039557	bot	038	New Phytol. 189(1):106-21, 2011
species140	PMID:21039558	bot	089	New Phytol. 189(1):259-71, 2011
species141	PMID:21039559	bot	090	New Phytol. 189(2):471-83, 2011
species142	PMID:21039560	bot	091	New Phytol. 189(2):484-93, 2011
species143	PMID:21039561	bot	092	New Phytol. 189(2):557-67, 2011
species144	PMID:21039562	bot	043	New Phytol. 189(2):449-58, 2011
species145	PMID:21039563	bot	094	New Phytol. 189(2):602-15, 2011
species146	PMID:21039564	bot	095	New Phytol. 189(2):629-42, 2011
species147	PMID:20961741	pro	073	Eur J Protistol. 47(1):51-6, 2011
species148	PMID:21039566	bot	047	New Phytol. 189(2):415-27, 2011
species149	PMID:21039568	bot	048	New Phytol. 189(3):843-55, 2011
species150	PMID:21039570	bot	049	New Phytol. 189(3):751-64, 2011
species151	PMID:21176788	myc	044	Fungal Genet Biol. 48(6):561-72, 2011
species152	PMID:21176789	myc	045	Fungal Genet Biol. 48(4):377-87, 2011
species153	PMID:21074391	pro	076	Eur J Protistol. 47(1):1-9, 2011
species154	PMID:20619737	med	004	Lancet Oncol. 12(2):192-200, 2011
species155	PMID:20796205	zoo	004	J Anim Ecol. 80(1):137-47, 2011
species156	PMID:20643580	pro	001	Protist. 162(1):115-30, 2011
species157	PMID:21496915	med	094	Lancet. 377(9774):1353-66, 2011
species158	PMID:21039609	bot	024	Plant Cell Environ. 34(1):89-112, 2011
species159	PMID:20863856	vir	003	J Virol Methods. 171(1):8-12, 2011
species160	PMID:21244418	zoo	053	J Anim Ecol. 80(2):310-9, 2011
species161	PMID:21244419	zoo	054	J Anim Ecol. 80(3):569-76, 2011
species162	PMID:21244420	zoo	055	J Anim Ecol. 80(3):508-18, 2011
species163	PMID:20619350	myc	006	Fungal Genet Biol. 48(2):185-91, 2011
species164	PMID:21840411	myc	074	Fungal Genet Biol. 48(11):1027-33, 2011
species165	PMID:21840412	myc	075	Fungal Genet Biol. 48(11):1020-6, 2011
species166	PMID:21840413	myc	076	Fungal Genet Biol. 48(11):1071-5, 2011
species167	PMID:21711401	ent	054	Insect Mol Biol. 20(5):577-86, 2011
species168	PMID:21441069	med	075	Lancet Oncol. 12(5):496-503, 2011
species169	PMID:21641778	pro	094	Eur J Protistol. 47(4):314-7, 2011
species170	PMID:21641779	pro	095	Eur J Protistol. 47(4):245-55, 2011
species171	PMID:21641780	pro	096	Eur J Protistol. 47(4):295-313, 2011
species172	PMID:21529147	ent	080	J Insect Sci. 11:29, 2011
species173	PMID:21529148	ent	097	J Insect Sci. 11:28, 2011
species174	PMID:21371658	med	063	Lancet Infect Dis. 11(3):248-52, 2011
species175	PMID:21529150	ent	098	J Insect Sci. 11:26, 2011
species176	PMID:21529151	ent	099	J Insect Sci. 11:25, 2011
species177	PMID:21529152	ent	100	J Insect Sci. 11:24, 2011
species178	PMID:20615753	med	003	Lancet Oncol. 12(1):83-91, 2011
species179	PMID:21600845	pro	039	Protist. 162(3):462-81, 2011
species180	PMID:21398102	pro	083	Eur J Protistol. 47(3):161-71, 2011
species181	PMID:20974180	vir	053	J Virol Methods. 171(1):123-8, 2011
species182	PMID:21459562	pro	085	Eur J Protistol. 47(2):103-23, 2011
species183	PMID:20980501	vir	060	J Virol. 85(1):264-75, 2011
species184	PMID:20599424	med	002	Lancet Oncol. 12(2):181-91, 2011
species185	PMID:20654725	myc	094	Fungal Genet Biol. 47(12):1055-69, 2010
species186	PMID:21324422	myc	065	Fungal Genet Biol. 48(6):602-11, 2011
species187	PMID:21895817	ent	068	Insect Mol Biol. 20(6):687-99, 2011
species188	PMID:21215883	med	029	Lancet. 377(9760):153-64, 2011
species189	PMID:21047954	vir	097	J Virol. 85(2):1151-5, 2011
species190	PMID:21047955	vir	098	J Virol. 85(1):638-43, 2011
species191	PMID:20880020	zoo	014	J Anim Ecol. 80(1):235-43, 2011
species192	PMID:21047957	vir	100	J Virol. 85(2):1086-98, 2011
species193	PMID:21047958	vir	100	J Virol. 85(1):481-96, 2011
species194	PMID:21463833	med	083	Lancet Oncol. 12(4):387-98, 2011
species195	PMID:20955810	myc	022	Fungal Genet Biol. 48(2):104-12, 2011
species196	PMID:20955812	myc	024	Fungal Genet Biol. 48(2):113-23, 2011
species197	PMID:20955813	myc	025	Fungal Genet Biol. 48(3):327-34, 2011
species198	PMID:20880038	bot	069	New Phytol. 189(2):507-14, 2011
species199	PMID:20980508	vir	067	J Virol. 85(1):231-42, 2011
species200	PMID:21062315	bot	030	Plant Cell Environ. 34(3):389-405, 2011
species201	PMID:21062316	bot	031	Plant Cell Environ. 34(3):406-17, 2011
species202	PMID:21062317	bot	032	Plant Cell Environ. 34(3):418-33, 2011
species203	PMID:21062318	bot	083	Plant Cell Environ. 34(3):434-43, 2011
species204	PMID:21062319	bot	034	Plant Cell Environ. 34(3):444-56, 2011
species205	PMID:21062320	bot	035	Plant Cell Environ. 34(3):457-64, 2011
species206	PMID:21435060	ent	034	Insect Mol Biol. 20(3):379-86, 2011
species207	PMID:21435061	ent	035	Insect Mol Biol. 20(3):399-408, 2011
species208	PMID:21435062	ent	036	Insect Mol Biol. 20(3):409-15, 2011
species209	PMID:20650682	pro	003	Protist. 162(1):154-67, 2011
species210	PMID:20650683	pro	004	Protist. 162(1):58-69, 2011
species211	PMID:20951743	vir	019	J Virol Methods. 171(1):74-80, 2011
species212	PMID:20951745	vir	021	J Virol Methods. 171(1):284-6, 2011
species213	PMID:21277379	myc	057	Fungal Genet Biol. 48(4):438-44, 2011
species214	PMID:21668550	ent	044	Insect Mol Biol. 20(5):567-75, 2011
species215	PMID:22182604	ent	081	Environ Entomol. 40(1):1-7, 2011
species216	PMID:21316301	pro	029	Protist. 162(3):490-502, 2011
species217	PMID:22182606	ent	083	Environ Entomol. 40(1):15-22, 2011
species218	PMID:22182607	ent	084	Environ Entomol. 40(1):23-9, 2011
species219	PMID:22182609	ent	086	Environ Entomol. 40(1):36-41, 2011
species220	PMID:22182610	ent	087	Environ Entomol. 40(1):42-51, 2011
species221	PMID:20837155	myc	015	Fungal Genet Biol. 48(2):166-76, 2011
species222	PMID:22182612	ent	089	Environ Entomol. 40(1):59-65, 2011
species223	PMID:22182614	ent	091	Environ Entomol. 40(1):73-81, 2011
species224	PMID:22182615	ent	092	Environ Entomol. 40(1):82-7, 2011
species225	PMID:22182616	ent	093	Environ Entomol. 40(1):88-93, 2011
species226	PMID:20962084	vir	030	J Virol. 85(1):456-69, 2011
species227	PMID:21570267	pro	090	Eur J Protistol. 47(3):186-96, 2011
species228	PMID:22182620	ent	097	Environ Entomol. 40(1):120-5, 2011
species229	PMID:22182622	ent	099	Environ Entomol. 40(1):132-9, 2011
species230	PMID:22182623	ent	100	Environ Entomol. 40(1):140-50, 2011
species231	PMID:20980518	vir	077	J Virol. 85(1):626-31, 2011
species232	PMID:20933014	vir	008	J Virol Methods. 171(1):40-5, 2011
species233	PMID:20728557	myc	097	Fungal Genet Biol. 47(12):1012-22, 2010
species234	PMID:21521136	ent	061	J Insect Sci. 11:9, 2011
species235	PMID:21521138	ent	083	J Insect Sci. 11:7, 2011
species236	PMID:21521139	ent	064	J Insect Sci. 11:8, 2011
species237	PMID:21521140	ent	065	J Insect Sci. 11:6, 2011
species238	PMID:21521141	ent	066	J Insect Sci. 11:5, 2011
species239	PMID:21521142	ent	067	J Insect Sci. 11:4, 2011
species240	PMID:21521143	ent	088	J Insect Sci. 11:3, 2011
species241	PMID:21521145	ent	070	J Insect Sci. 11:1, 2011
species242	PMID:21672063	ent	045	Insect Mol Biol. 20(4):493-506, 2011
species243	PMID:20962090	vir	036	J Virol. 85(1):276-85, 2011
species244	PMID:21349119	ent	028	Insect Mol Biol. 20(3):279-89, 2011
species245	PMID:21349120	ent	029	Insect Mol Biol. 20(3):335-45, 2011
species246	PMID:21349121	ent	030	Insect Mol Biol. 20(3):347-56, 2011
species247	PMID:20980523	vir	082	J Virol. 85(1):448-55, 2011
species248	PMID:21429718	pro	084	Eur J Protistol. 47(2):67-78, 2011
species249	PMID:21371655	med	060	Lancet Infect Dis. 11(3):208-22, 2011
species250	PMID:21371656	med	061	Lancet Infect Dis. 11(3):223-35, 2011
species251	PMID:20980524	vir	083	J Virol. 85(1):208-16, 2011
species252	PMID:21115658	bac	075	J Bacteriol. 193(3):744-58, 2011
species253	PMID:20118285	pro	043	Int J Syst Evol Microbiol. 61(Pt 1):16-9, 2011
species254	PMID:20980495	vir	054	J Virol. 85(2):905-15, 2011
species255	PMID:20980499	vir	058	J Virol. 85(2):776-83, 2011
species256	PMID:20962094	vir	040	J Virol. 85(1):470-80, 2011
species257	PMID:20980502	vir	061	J Virol. 85(1):378-89, 2011
species258	PMID:20980504	vir	063	J Virol. 85(1):32-42, 2011
species259	PMID:20980505	vir	064	J Virol. 85(1):156-64, 2011
species260	PMID:20980506	vir	065	J Virol. 85(1):165-77, 2011
species261	PMID:20980507	vir	066	J Virol. 85(1):217-30, 2011
species262	PMID:20962076	vir	022	J Virol. 85(1):596-605, 2011
species263	PMID:20980509	vir	068	J Virol. 85(1):296-304, 2011
species264	PMID:20962078	vir	024	J Virol. 85(1):606-20, 2011
species265	PMID:20980511	vir	070	J Virol. 85(1):422-31, 2011
species266	PMID:20980512	vir	071	J Virol. 85(1):51-63, 2011
species267	PMID:20962081	vir	027	J Virol. 85(1):98-111, 2011
species268	PMID:20980514	vir	073	J Virol. 85(1):324-33, 2011
species269	PMID:20962083	vir	029	J Virol. 85(1):542-9, 2011
species270	PMID:20980516	vir	075	J Virol. 85(1):390-6, 2011
species271	PMID:20962085	vir	031	J Virol. 85(1):123-32, 2011
species272	PMID:20962086	vir	032	J Virol. 85(1):64-75, 2011
species273	PMID:20962087	vir	033	J Virol. 85(1):76-85, 2011
species274	PMID:20962088	vir	034	J Virol. 85(1):315-23, 2011
species275	PMID:20962089	vir	035	J Virol. 85(1):621-5, 2011
species276	PMID:20980522	vir	081	J Virol. 85(1):305-14, 2011
species277	PMID:20962091	vir	037	J Virol. 85(1):530-41, 2011
species278	PMID:20796204	zoo	003	J Anim Ecol. 80(1):108-18, 2011
species279	PMID:20980525	vir	084	J Virol. 85(1):519-29, 2011
species280	PMID:20980526	vir	085	J Virol. 85(1):410-21, 2011
species281	PMID:20962096	vir	042	J Virol. 85(1):632-7, 2011
species282	PMID:21130034	pro	023	Protist. 162(3):394-404, 2011
species283	PMID:20962099	vir	045	J Virol. 85(1):432-9, 2011
species284	PMID:20962101	vir	047	J Virol. 85(1):86-97, 2011
species285	PMID:21037015	bac	037	J Bacteriol. 193(1):321-2, 2011
species286	PMID:21521214	zoo	098	J Anim Ecol. 80(5):1061-9, 2011
species287	PMID:21521215	zoo	099	J Anim Ecol. 80(5):929-37, 2011
species288	PMID:20190018	pro	068	Int J Syst Evol Microbiol. 61(Pt 1):170-83, 2011
species289	PMID:20884291	pro	019	Protist. 162(2):288-303, 2011
species290	PMID:20190020	pro	070	Int J Syst Evol Microbiol. 61(Pt 1):205-9, 2011
species291	PMID:20726924	zoo	001	J Anim Ecol. 80(1):4-18, 2011
species292	PMID:20880203	bot	009	Plant Cell Environ. 34(2):192-207, 2011
species293	PMID:20880205	bot	011	Plant Cell Environ. 34(2):220-9, 2011
species294	PMID:21334865	pro	080	Eur J Protistol. 47(2):79-85, 2011
species295	PMID:20825506	ent	002	Insect Mol Biol. 20(1):45-60, 2011
species296	PMID:20880223	bot	070	New Phytol. 189(1):347-55, 2011
species297	PMID:20880224	bot	071	New Phytol. 189(1):282-94, 2011
species298	PMID:21097616	bac	057	J Bacteriol. 193(3):591-8, 2011
species299	PMID:20880226	bot	023	New Phytol. 189(2):459-70, 2011
species300	PMID:20888422	myc	020	Fungal Genet Biol. 48(3):252-65, 2011
species301	PMID:21420905	pro	034	Protist. 162(3):503-24, 2011
species302	PMID:20863853	vir	002	J Virol Methods. 171(1):1-7, 2011
species303	PMID:21277552	med	050	Lancet Oncol. 12(2):175-80, 2011
species304	PMID:21029747	vir	086	J Virol Methods. 171(1):176-82, 2011
species305	PMID:21029748	vir	087	J Virol Methods. 171(1):156-62, 2011
species306	PMID:21801845	myc	069	Fungal Genet Biol. 48(10):979-89, 2011
species307	PMID:21029750	vir	089	J Virol Methods. 171(1):141-8, 2011
species308	PMID:21029751	vir	090	J Virol Methods. 171(1):134-40, 2011
species309	PMID:21029752	vir	091	J Virol Methods. 171(1):287-91, 2011
species310	PMID:21166911	ent	021	Insect Mol Biol. 20(2):257-65, 2011
species311	PMID:21474172	med	084	Lancet. 378(9785):86-97, 2011
species312	PMID:21474174	med	085	Lancet. 377(9775):1438-47, 2011
species313	PMID:20884368	myc	017	Fungal Genet Biol. 48(6):585-91, 2011
species314	PMID:20190019	pro	069	Int J Syst Evol Microbiol. 61(Pt 2):223-30, 2011
species315	PMID:20831728	zoo	008	J Anim Ecol. 80(1):119-27, 2011
species316	PMID:20933542	vir	012	J Virol Methods. 171(1):61-6, 2011
species317	PMID:20831729	zoo	009	J Anim Ecol. 80(1):128-36, 2011
species318	PMID:22008745	myc	085	Fungal Genet Biol. 48(12):1108-15, 2011
species319	PMID:21054379	zoo	026	J Anim Ecol. 80(1):69-78, 2011
species320	PMID:21054380	zoo	027	J Anim Ecol. 80(1):270-81, 2011
species321	PMID:21183405	pro	024	Protist. 162(3):449-61, 2011
species322	PMID:21250991	zoo	058	J Anim Ecol. 80(3):681-7, 2011
species323	PMID:20829107	pro	017	Protist. 162(2):268-76, 2011
species324	PMID:20702136	pro	011	Protist. 162(1):131-41, 2011
species325	PMID:20816830	myc	091	Fungal Genet Biol. 47(12):962-72, 2010
species326	PMID:21281727	myc	060	Fungal Genet Biol. 48(5):475-84, 2011
species327	PMID:21281729	myc	062	Fungal Genet Biol. 48(5):519-25, 2011
species328	PMID:21097633	bac	069	J Bacteriol. 193(2):551-62, 2011
species329	PMID:21054410	bot	100	New Phytol. 189(2):616-28, 2011
species330	PMID:21251019	bot	050	Plant Cell Environ. 34(4):605-17, 2011
species331	PMID:20970456	vir	048	J Virol Methods. 171(1):117-22, 2011
species332	PMID:20970457	vir	049	J Virol Methods. 171(1):107-10, 2011
species333	PMID:20970458	vir	050	J Virol Methods. 171(1):111-6, 2011
species334	PMID:21382108	ent	031	Insect Mol Biol. 20(3):357-65, 2011
species335	PMID:21382109	ent	032	Insect Mol Biol. 20(3):367-78, 2011
species336	PMID:21054434	bot	025	Plant Cell Environ. 34(2):314-31, 2011
species337	PMID:21054435	bot	026	Plant Cell Environ. 34(3):363-73, 2011
species338	PMID:21054436	bot	027	Plant Cell Environ. 34(2):332-46, 2011
species339	PMID:21054437	bot	078	Plant Cell Environ. 34(2):347-58, 2011
species340	PMID:21054438	bot	029	Plant Cell Environ. 34(3):374-88, 2011
species341	PMID:21410804	ent	033	Insect Mol Biol. 20(3):387-98, 2011
species342	PMID:21396477	myc	070	Fungal Genet Biol. 48(8):806-11, 2011
species343	PMID:21146624	myc	047	Fungal Genet Biol. 48(6):641-9, 2011
species344	PMID:21067947	myc	090	Fungal Genet Biol. 47(12):1070-80, 2010
species345	PMID:21699592	ent	048	Insect Mol Biol. 20(4):541-52, 2011
species346	PMID:21070858	myc	029	Fungal Genet Biol. 48(4):465-73, 2011
species347	PMID:21699597	ent	058	Insect Mol Biol. 20(5):619-35, 2011
species348	PMID:20433937	myc	001	Fungal Genet Biol. 48(1):15-22, 2011
species349	PMID:21511198	med	096	Lancet Neurol. 10(5):446-56, 2011
species350	PMID:21511199	med	097	Lancet Neurol. 10(5):471-80, 2011
species351	PMID:21511200	med	098	Lancet Neurol. 10(5):481-90, 2011
species352	PMID:21216300	myc	050	Fungal Genet Biol. 48(5):485-95, 2011
species353	PMID:21453871	med	077	Lancet Infect Dis. 11(4):301-11, 2011
species354	PMID:21453872	med	078	Lancet Infect Dis. 11(4):312-21, 2011
species355	PMID:21453873	med	079	Lancet Infect Dis. 11(4):322-5, 2011
species356	PMID:21148727	bac	086	J Bacteriol. 193(4):862-74, 2011
species357	PMID:21148730	bac	089	J Bacteriol. 193(4):1003-6, 2011
species358	PMID:21277756	pro	078	Eur J Protistol. 47(2):124-37, 2011
species359	PMID:21148734	bac	095	J Bacteriol. 193(5):1259-66, 2011
species360	PMID:21349439	med	053	Lancet Neurol. 10(3):241-52, 2011
species361	PMID:21148736	bac	094	J Bacteriol. 193(4):822-31, 2011
species362	PMID:21349441	med	055	Lancet Neurol. 10(3):264-74, 2011
species363	PMID:20880225	bot	072	New Phytol. 189(2):515-25, 2011
species364	PMID:21496906	med	089	Lancet. 377(9776):1523-38, 2011
species365	PMID:21496907	med	090	Lancet. 377(9778):1703-17, 2011
species366	PMID:21496910	med	091	Lancet. 377(9777):1610-23, 2011
species367	PMID:21496911	med	092	Lancet. 377(9775):1448-63, 2011
species368	PMID:21496912	med	093	Lancet. 377(9779):1798-805, 2011
species369	PMID:21388371	zoo	074	J Anim Ecol. 80(4):818-23, 2011
species370	PMID:21388372	zoo	075	J Anim Ecol. 80(4):824-34, 2011
species371	PMID:21388373	zoo	076	J Anim Ecol. 80(4):771-85, 2011
species372	PMID:20958304	bot	079	New Phytol. 189(2):526-35, 2011
species373	PMID:20958305	bot	030	New Phytol. 189(4):978-87, 2011
species374	PMID:20943971	vir	013	J Virol. 85(1):550-67, 2011
species375	PMID:20817000	myc	098	Fungal Genet Biol. 47(12):1034-43, 2010
species376	PMID:21097609	bac	052	J Bacteriol. 193(3):620-30, 2011
species377	PMID:21097610	bac	053	J Bacteriol. 193(3):791-2, 2011
species378	PMID:21453963	med	080	Lancet. 377(9774):1367-77, 2011
species379	PMID:21097612	bac	055	J Bacteriol. 193(3):723-33, 2011
species380	PMID:21057010	bac	041	J Bacteriol. 193(2):449-59, 2011
species381	PMID:21097618	bac	059	J Bacteriol. 193(3):679-85, 2011
species382	PMID:21057008	bac	039	J Bacteriol. 193(2):389-98, 2011
species383	PMID:21097626	bac	062	J Bacteriol. 193(2):429-40, 2011
species384	PMID:21097627	bac	063	J Bacteriol. 193(2):563-74, 2011
species385	PMID:21097629	bac	065	J Bacteriol. 193(3):734-43, 2011
species386	PMID:21097630	bac	066	J Bacteriol. 193(2):411-20, 2011
species387	PMID:20962080	vir	026	J Virol. 85(1):440-7, 2011
species388	PMID:21097632	bac	068	J Bacteriol. 193(2):421-8, 2011
species389	PMID:21511329	med	099	Lancet. 378(9785):73-85, 2011
species390	PMID:21097634	bac	070	J Bacteriol. 193(2):358-66, 2011
species391	PMID:21097635	bac	071	J Bacteriol. 193(2):540-50, 2011
species392	PMID:21269674	med	040	Lancet. 377(9767):769-81, 2011
species393	PMID:21269678	med	043	Lancet. 377(9765):599-609, 2011
species394	PMID:21029749	vir	088	J Virol Methods. 171(1):163-8, 2011
species395	PMID:21492929	med	088	Lancet. 378(9807):1962-73, 2011
species396	PMID:21349577	med	057	Lancet. 377(9771):1103-12, 2011
species397	PMID:21134480	myc	037	Fungal Genet Biol. 48(4):388-99, 2011
species398	PMID:22004876	myc	084	Fungal Genet Biol. 48(12):1096-107, 2011
species399	PMID:21435599	med	071	Lancet Neurol. 10(4):349-56, 2011
species400	PMID:21105872	zoo	034	J Anim Ecol. 80(2):466-76, 2011
species401	PMID:21435601	med	073	Lancet Neurol. 10(4):383-94, 2011
species402	PMID:20946131	bot	074	New Phytol. 189(2):494-506, 2011
species403	PMID:20817114	myc	014	Fungal Genet Biol. 48(3):297-305, 2011
species404	PMID:20817115	myc	099	Fungal Genet Biol. 47(12):981-93, 2010
species405	PMID:21632222	pro	092	Eur J Protistol. 47(3):214-23, 2011
species406	PMID:21632223	pro	093	Eur J Protistol. 47(3):208-13, 2011
species407	PMID:21435600	med	072	Lancet Neurol. 10(4):372-82, 2011
species408	PMID:21419234	myc	075	Fungal Genet Biol. 48(8):840-8, 2011
species409	PMID:20601041	myc	005	Fungal Genet Biol. 48(1):49-61, 2011
species410	PMID:21488872	zoo	096	J Anim Ecol. 80(5):918-28, 2011
species411	PMID:21601521	pro	040	Protist. 162(4):616-36, 2011
species412	PMID:21118199	zoo	035	J Anim Ecol. 80(2):352-60, 2011
species413	PMID:21118200	zoo	036	J Anim Ecol. 80(2):403-13, 2011
species414	PMID:21282046	pro	079	Eur J Protistol. 47(2):138-43, 2011
species415	PMID:20139282	pro	045	Int J Syst Evol Microbiol. 61(Pt 1):210-9, 2011
species416	PMID:20923690	vir	007	J Virol Methods. 171(1):26-33, 2011
species417	PMID:21277986	myc	059	Fungal Genet Biol. 48(5):544-53, 2011
species418	PMID:21376291	med	065	Lancet Oncol. 12(3):286-95, 2011
species419	PMID:21376292	med	066	Lancet Oncol. 12(3):306-12, 2011
species420	PMID:20923688	vir	005	J Virol Methods. 171(1):280-3, 2011
species421	PMID:20868393	bot	065	New Phytol. 189(1):295-307, 2011
species422	PMID:20868394	bot	066	New Phytol. 189(1):253-8, 2011
species423	PMID:21497131	pro	036	Protist. 162(3):423-34, 2011
species424	PMID:21497133	pro	037	Protist. 162(4):650-67, 2011
species425	PMID:20849972	myc	100	Fungal Genet Biol. 47(12):953-61, 2010
species426	PMID:21435708	med	074	Lancet. 377(9773):1264-75, 2011
species427	PMID:21169483	bac	097	J Bacteriol. 193(5):1054-64, 2011
species428	PMID:20964685	zoo	021	J Anim Ecol. 80(1):148-58, 2011
species429	PMID:21169486	bac	099	J Bacteriol. 193(5):1191-200, 2011
species430	PMID:20964687	zoo	023	J Anim Ecol. 80(1):282-93, 2011
species431	PMID:21169488	bac	100	J Bacteriol. 193(4):918-31, 2011
species432	PMID:21418211	zoo	086	J Anim Ecol. 80(4):854-63, 2011
species433	PMID:20964692	bot	033	New Phytol. 190(2):488-98, 2011
species434	PMID:20964693	bot	084	New Phytol. 189(2):568-79, 2011
species435	PMID:20964694	bot	035	New Phytol. 189(3):790-6, 2011
species436	PMID:21071191	pro	075	Eur J Protistol. 47(1):24-8, 2011
species437	PMID:20888926	myc	021	Fungal Genet Biol. 48(3):266-74, 2011
species438	PMID:21601644	myc	094	Fungal Genet Biol. 48(9):914-20, 2011
species439	PMID:21889597	myc	077	Fungal Genet Biol. 48(11):1034-43, 2011
species440	PMID:21118326	ent	019	Insect Mol Biol. 20(2):201-13, 2011
species441	PMID:20659575	myc	007	Fungal Genet Biol. 48(1):62-9, 2011
species442	PMID:21349764	pro	031	Protist. 162(4):637-49, 2011
species443	PMID:21349766	med	058	Lancet Oncol. 12(9):913-22, 2011
species444	PMID:20519149	myc	002	Fungal Genet Biol. 48(1):35-48, 2011
species445	PMID:21147032	med	017	Lancet Oncol. 12(8):815-24, 2011
species446	PMID:21029103	bot	086	New Phytol. 189(2):549-56, 2011
species447	PMID:20831646	bot	003	New Phytol. 189(1):94-105, 2011
species448	PMID:21147039	med	019	Lancet Neurol. 10(2):162-72, 2011
species449	PMID:20663713	pro	006	Protist. 162(1):177-87, 2011
species450	PMID:20663714	pro	007	Protist. 162(1):100-14, 2011
species451	PMID:21497073	pro	086	Eur J Protistol. 47(3):235-7, 2011
species452	PMID:20825517	zoo	007	J Anim Ecol. 80(1):159-70, 2011
species453	PMID:21163445	med	020	Lancet Neurol. 10(1):63-74, 2011
species454	PMID:21163446	med	021	Lancet Neurol. 10(1):83-98, 2011
species455	PMID:21163447	med	022	Lancet Neurol. 10(1):99-108, 2011
species456	PMID:21466552	zoo	092	J Anim Ecol. 80(5):1042-8, 2011
species457	PMID:21466553	zoo	093	J Anim Ecol. 80(5):1012-23, 2011
species458	PMID:21466554	zoo	094	J Anim Ecol. 80(5):968-75, 2011
species459	PMID:21239227	pro	025	Protist. 162(3):435-48, 2011
species460	PMID:21239228	pro	026	Protist. 162(3):405-22, 2011
species461	PMID:21272001	zoo	060	J Anim Ecol. 80(3):548-57, 2011
species462	PMID:21126599	myc	036	Fungal Genet Biol. 48(3):275-84, 2011
species463	PMID:21458376	med	081	Lancet Neurol. 10(5):457-70, 2011
species464	PMID:20946384	zoo	019	J Anim Ecol. 80(1):57-68, 2011
species465	PMID:21118420	bot	036	Plant Cell Environ. 34(3):465-79, 2011
species466	PMID:21118421	bot	037	Plant Cell Environ. 34(3):480-500, 2011
species467	PMID:21118422	bot	088	Plant Cell Environ. 34(3):501-13, 2011
species468	PMID:21118423	bot	039	Plant Cell Environ. 34(3):514-24, 2011
species469	PMID:21118424	bot	040	Plant Cell Environ. 34(3):525-34, 2011
species470	PMID:21091811	ent	017	Insect Mol Biol. 20(2):189-99, 2011
species471	PMID:20825576	bot	004	Plant Cell Environ. 34(1):65-75, 2011
species472	PMID:20825578	bot	006	Plant Cell Environ. 34(1):43-51, 2011
species473	PMID:20825579	bot	007	Plant Cell Environ. 34(1):76-88, 2011
species474	PMID:21057007	bac	038	J Bacteriol. 193(3):695-705, 2011
species475	PMID:21241328	bot	093	Plant Cell Environ. 34(5):717-28, 2011
species476	PMID:21057009	bac	040	J Bacteriol. 193(2):485-96, 2011
species477	PMID:20946418	bot	075	New Phytol. 189(1):148-59, 2011
species478	PMID:20946419	bot	076	New Phytol. 189(2):428-37, 2011
species479	PMID:20946420	bot	077	New Phytol. 189(2):593-601, 2011
species480	PMID:20735493	ent	001	Insect Mol Biol. 20(1):135-40, 2011
species481	PMID:21093904	med	014	Lancet. 377(9769):956-65, 2011
species482	PMID:21517842	zoo	097	J Anim Ecol. 80(5):1034-41, 2011
species483	PMID:20971037	pro	021	Protist. 162(2):253-67, 2011
species484	PMID:21237280	myc	054	Fungal Genet Biol. 48(4):408-17, 2011
species485	PMID:20962093	vir	039	J Virol. 85(1):43-50, 2011
species486	PMID:21429803	med	070	Lancet Infect Dis. 11(5):394-407, 2011
species487	PMID:21073454	zoo	030	J Anim Ecol. 80(2):320-31, 2011
species488	PMID:21073455	zoo	031	J Anim Ecol. 80(2):438-47, 2011
species489	PMID:20874804	bot	018	New Phytol. 189(1):176-89, 2011
species490	PMID:21450337	med	076	Lancet. 377(9773):1276-87, 2011
species491	PMID:22056520	myc	086	Fungal Genet Biol. 48(12):1146-52, 2011
species492	PMID:22056521	myc	087	Fungal Genet Biol. 48(12):1116-23, 2011
species493	PMID:22056522	myc	088	Fungal Genet Biol. 48(12):1139-45, 2011
species494	PMID:20964686	zoo	022	J Anim Ecol. 80(1):192-203, 2011
species495	PMID:20958807	ent	011	Insect Mol Biol. 20(2):153-64, 2011
species496	PMID:20958808	ent	012	Insect Mol Biol. 20(2):141-52, 2011
species497	PMID:21333593	pro	030	Protist. 162(2):315-31, 2011
species498	PMID:21039565	bot	096	New Phytol. 190(2):369-78, 2011
species499	PMID:21155770	zoo	039	J Anim Ecol. 80(2):365-74, 2011
species500	PMID:20708961	pro	014	Protist. 162(1):33-57, 2011
species501	PMID:21155771	zoo	040	J Anim Ecol. 80(2):384-92, 2011
species502	PMID:20946532	ent	007	Insect Mol Biol. 20(1):125-33, 2011
species503	PMID:21784165	myc	068	Fungal Genet Biol. 48(10):966-78, 2011
species504	PMID:20946534	ent	008	Insect Mol Biol. 20(1):115-24, 2011
species505	PMID:20870768	bac	001	J Bacteriol. 193(1):82-90, 2011
species506	PMID:20682355	myc	009	Fungal Genet Biol. 48(2):80-91, 2011
species507	PMID:22001287	myc	082	Fungal Genet Biol. 48(12):1077-86, 2011
species508	PMID:22001288	myc	083	Fungal Genet Biol. 48(12):1130-8, 2011
species509	PMID:21945996	myc	081	Fungal Genet Biol. 48(12):1087-95, 2011
species510	PMID:20719250	myc	095	Fungal Genet Biol. 47(12):994-1000, 2010
species511	PMID:20719251	myc	096	Fungal Genet Biol. 47(12):973-80, 2010
species512	PMID:20946587	bot	012	Plant Cell Environ. 34(1):137-48, 2011
species513	PMID:20946588	bot	063	Plant Cell Environ. 34(1):1-20, 2011
species514	PMID:20946589	bot	014	Plant Cell Environ. 34(1):149-61, 2011
species515	PMID:21376670	med	067	Lancet Infect Dis. 11(4):326-31, 2011
species516	PMID:20934313	pro	072	Eur J Protistol. 47(1):10-5, 2011
species517	PMID:21585579	ent	042	Insect Mol Biol. 20(4):519-27, 2011
species518	PMID:21163702	med	023	Lancet Oncol. 12(7):693-702, 2011
species519	PMID:21163703	med	024	Lancet Oncol. 12(6):594-603, 2011
species520	PMID:21143226	zoo	037	J Anim Ecol. 80(2):342-51, 2011
species521	PMID:21251018	bot	049	Plant Cell Environ. 34(4):580-91, 2011
species522	PMID:21114562	ent	018	Insect Mol Biol. 20(2):215-24, 2011
species523	PMID:20807371	bot	001	Plant Cell Environ. 34(1):33-42, 2011
species524	PMID:20807372	bot	002	Plant Cell Environ. 34(1):21-32, 2011
species525	PMID:20713166	myc	010	Fungal Genet Biol. 48(2):208-15, 2011
species526	PMID:20807375	bot	053	Plant Cell Environ. 34(2):179-91, 2011
species527	PMID:20854480	ent	004	Insect Mol Biol. 20(1):1-13, 2011
species528	PMID:20854481	ent	005	Insect Mol Biol. 20(1):75-85, 2011
species529	PMID:20854482	ent	006	Insect Mol Biol. 20(1):105-14, 2011
species530	PMID:21929695	ent	078	Insect Mol Biol. 20(6):763-73, 2011
species531	PMID:20934378	pro	020	Protist. 162(2):304-14, 2011
species532	PMID:21075922	bac	042	J Bacteriol. 193(2):349-57, 2011
species533	PMID:21037011	bac	034	J Bacteriol. 193(1):301-2, 2011
species534	PMID:20923689	vir	006	J Virol Methods. 171(2):394-400, 2011
species535	PMID:21198588	zoo	048	J Anim Ecol. 80(3):668-80, 2011
species536	PMID:20643581	pro	002	Protist. 162(1):142-53, 2011
species537	PMID:21198590	zoo	050	J Anim Ecol. 80(3):558-68, 2011
species538	PMID:21126914	med	016	Lancet Infect Dis. 11(1):45-56, 2011
species539	PMID:20868395	bot	067	New Phytol. 189(1):335-46, 2011
species540	PMID:21037014	bac	036	J Bacteriol. 193(1):91-7, 2011
species541	PMID:21241815	myc	055	Fungal Genet Biol. 48(4):400-7, 2011
species542	PMID:21284624	zoo	061	J Anim Ecol. 80(3):528-38, 2011
species543	PMID:20719377	med	006	Lancet. 377(9760):165-77, 2011
species544	PMID:21034772	vir	092	J Virol Methods. 171(1):149-55, 2011
species545	PMID:21034773	vir	093	J Virol Methods. 171(1):195-9, 2011
species546	PMID:21034774	vir	094	J Virol Methods. 171(1):190-4, 2011
species547	PMID:21034775	vir	095	J Virol Methods. 171(1):169-75, 2011
species548	PMID:21034776	vir	096	J Virol Methods. 171(1):183-9, 2011
species549	PMID:21366562	zoo	070	J Anim Ecol. 80(4):864-74, 2011
species550	PMID:20154331	pro	053	Int J Syst Evol Microbiol. 61(Pt 1):45-52, 2011
species551	PMID:21366565	zoo	073	J Anim Ecol. 80(4):761-70, 2011
species552	PMID:20850479	vir	001	J Virol Methods. 171(2):323-8, 2011
species553	PMID:20735792	zoo	002	J Anim Ecol. 80(1):19-38, 2011
species554	PMID:21362491	myc	067	Fungal Genet Biol. 48(9):849-57, 2011
species555	PMID:21362493	myc	069	Fungal Genet Biol. 48(7):677-84, 2011
species556	PMID:21247806	med	037	Lancet Neurol. 10(4):357-71, 2011
species557	PMID:21145408	myc	039	Fungal Genet Biol. 48(5):526-36, 2011
species558	PMID:21145409	myc	040	Fungal Genet Biol. 48(3):285-96, 2011
species559	PMID:21145410	myc	041	Fungal Genet Biol. 48(3):335-41, 2011
species560	PMID:21397320	med	068	Lancet. 377(9772):1184-97, 2011
species561	PMID:21227490	med	032	Lancet. 377(9766):668-79, 2011
species562	PMID:21477200	ent	037	Insect Mol Biol. 20(4):457-64, 2011
species563	PMID:21477201	zoo	095	J Anim Ecol. 80(5):1049-60, 2011
species564	PMID:21700437	pro	098	Eur J Protistol. 47(4):274-86, 2011
species565	PMID:21907298	myc	078	Fungal Genet Biol. 48(12):1124-9, 2011
species566	PMID:20977507	ent	013	Insect Mol Biol. 20(1):15-27, 2011
species567	PMID:20977508	ent	014	Insect Mol Biol. 20(2):165-75, 2011
species568	PMID:20946918	vir	014	J Virol Methods. 171(1):13-20, 2011
species569	PMID:21481448	med	087	Lancet. 378(9790):515-25, 2011
species570	PMID:21169487	bac	100	J Bacteriol. 193(5):1023-33, 2011
species571	PMID:20817555	pro	016	Protist. 162(2):222-36, 2011
species572	PMID:20980517	vir	076	J Virol. 85(1):348-56, 2011
species573	PMID:21094264	myc	032	Fungal Genet Biol. 48(6):573-84, 2011
species574	PMID:21047956	vir	099	J Virol. 85(1):286-95, 2011
species575	PMID:20880022	zoo	016	J Anim Ecol. 80(2):422-30, 2011
species576	PMID:20880023	zoo	017	J Anim Ecol. 80(1):183-91, 2011
species577	PMID:20965267	myc	026	Fungal Genet Biol. 48(6):592-601, 2011
species578	PMID:21802913	pro	099	Eur J Protistol. 47(4):287-94, 2011
species579	PMID:20807586	myc	012	Fungal Genet Biol. 48(1):23-34, 2011
species580	PMID:21097611	bac	054	J Bacteriol. 193(3):795-6, 2011
species581	PMID:21155769	zoo	038	J Anim Ecol. 80(2):477-83, 2011
species582	PMID:20674490	pro	008	Protist. 162(1):70-84, 2011
species583	PMID:20674491	pro	009	Protist. 162(2):249-52, 2011
species584	PMID:21155773	zoo	042	J Anim Ecol. 80(2):495-503, 2011
species585	PMID:21036992	bac	021	J Bacteriol. 193(2):516-26, 2011
species586	PMID:21036993	bac	022	J Bacteriol. 193(1):319-20, 2011
species587	PMID:21036994	bac	023	J Bacteriol. 193(1):283-5, 2011
species588	PMID:21036995	bac	024	J Bacteriol. 193(1):22-9, 2011
species589	PMID:21036997	bac	025	J Bacteriol. 193(1):292-5, 2011
species590	PMID:21037000	bac	026	J Bacteriol. 193(2):329-39, 2011
species591	PMID:21037002	bac	027	J Bacteriol. 193(1):305-6, 2011
species592	PMID:21037003	bac	028	J Bacteriol. 193(1):116-24, 2011
species593	PMID:21037004	bac	029	J Bacteriol. 193(1):190-6, 2011
species594	PMID:21037006	bac	030	J Bacteriol. 193(1):323-4, 2011
species595	PMID:21037007	bac	031	J Bacteriol. 193(1):205-14, 2011
species596	PMID:21037010	bac	033	J Bacteriol. 193(1):154-62, 2011
species597	PMID:21075923	bac	043	J Bacteriol. 193(2):497-505, 2011
species598	PMID:21075924	bac	044	J Bacteriol. 193(2):460-72, 2011
species599	PMID:21037013	bac	035	J Bacteriol. 193(1):303-4, 2011
species600	PMID:20154326	pro	048	Int J Syst Evol Microbiol. 61(Pt 1):81-5, 2011
species601	PMID:20154327	pro	049	Int J Syst Evol Microbiol. 61(Pt 1):86-90, 2011
species602	PMID:20154328	pro	050	Int J Syst Evol Microbiol. 61(Pt 1):71-5, 2011
species603	PMID:21075929	bac	049	J Bacteriol. 193(2):580-2, 2011
species604	PMID:21075931	bac	050	J Bacteriol. 193(2):399-410, 2011
species605	PMID:21227486	med	030	Lancet. 377(9763):413-28, 2011
species606	PMID:21227489	med	031	Lancet. 377(9767):760-8, 2011
species607	PMID:22182605	ent	082	Environ Entomol. 40(1):8-14, 2011
species608	PMID:21397475	pro	082	Eur J Protistol. 47(3):231-4, 2011
species609	PMID:21820070	myc	072	Fungal Genet Biol. 48(11):1056-61, 2011
species610	PMID:21227494	med	034	Lancet. 377(9762):332-49, 2011
species611	PMID:21839848	myc	073	Fungal Genet Biol. 48(11):1012-9, 2011
species612	PMID:21227499	med	035	Lancet. 377(9765):587-98, 2011
species613	PMID:21227500	med	036	Lancet. 377(9761):252-69, 2011
species614	PMID:20980521	vir	080	J Virol. 85(1):254-63, 2011
species615	PMID:21112814	pro	022	Protist. 162(2):277-87, 2011
species616	PMID:21440497	pro	035	Protist. 162(5):723-37, 2011
species617	PMID:20964691	bot	082	New Phytol. 189(3):723-35, 2011
species618	PMID:21401589	zoo	077	J Anim Ecol. 80(3):595-602, 2011
species619	PMID:21401590	zoo	078	J Anim Ecol. 80(3):632-9, 2011
species620	PMID:21401592	zoo	080	J Anim Ecol. 80(4):742-52, 2011
species621	PMID:21219328	zoo	051	J Anim Ecol. 80(3):640-9, 2011
species622	PMID:21269675	med	041	Lancet. 377(9764):516-25, 2011
species623	PMID:20854394	bot	013	New Phytol. 189(1):83-93, 2011
species624	PMID:21699593	ent	050	Insect Mol Biol. 20(5):587-98, 2011
species625	PMID:21699594	ent	053	Insect Mol Biol. 20(5):599-608, 2011
species626	PMID:21699595	ent	051	Insect Mol Biol. 20(5):609-18, 2011
species627	PMID:21699596	ent	052	Insect Mol Biol. 20(5):553-65, 2011
species628	PMID:20831730	zoo	010	J Anim Ecol. 80(1):294-305, 2011
species629	PMID:21054381	zoo	028	J Anim Ecol. 80(1):244-58, 2011
species630	PMID:20964684	zoo	020	J Anim Ecol. 80(1):79-88, 2011
species631	PMID:21406243	myc	074	Fungal Genet Biol. 48(8):812-22, 2011
species632	PMID:21115655	bac	072	J Bacteriol. 193(3):706-14, 2011
species633	PMID:21615578	ent	043	Insect Mol Biol. 20(4):529-40, 2011
species634	PMID:21148724	bac	085	J Bacteriol. 193(6):1341-50, 2011
species635	PMID:21115657	bac	074	J Bacteriol. 193(3):611-9, 2011
species636	PMID:21148728	bac	088	J Bacteriol. 193(4):932-43, 2011
species637	PMID:21148729	bac	088	J Bacteriol. 193(4):815-21, 2011
species638	PMID:20840506	bot	056	New Phytol. 189(1):190-9, 2011
species639	PMID:21148731	bac	090	J Bacteriol. 193(4):887-95, 2011
species640	PMID:21148732	bac	091	J Bacteriol. 193(4):875-86, 2011
species641	PMID:21148733	bac	094	J Bacteriol. 193(4):854-61, 2011
species642	PMID:20840510	bot	008	New Phytol. 189(1):200-9, 2011
species643	PMID:20840511	bot	059	New Phytol. 190(2):442-56, 2011
species644	PMID:21349440	med	054	Lancet Neurol. 10(3):253-63, 2011
species645	PMID:21349442	med	056	Lancet Neurol. 10(3):275-9, 2011
species646	PMID:21855306	pro	100	Eur J Protistol. 47(4):256-73, 2011
species647	PMID:21272658	myc	056	Fungal Genet Biol. 48(5):537-43, 2011
species648	PMID:20955221	bot	015	Plant Cell Environ. 34(2):230-44, 2011
species649	PMID:20958806	ent	010	Insect Mol Biol. 20(1):29-44, 2011
species650	PMID:20958303	bot	028	New Phytol. 189(2):536-48, 2011
species651	PMID:20708960	pro	013	Protist. 162(1):85-99, 2011
species652	PMID:20708962	pro	015	Protist. 162(2):237-48, 2011
species653	PMID:20974179	vir	052	J Virol Methods. 171(1):129-33, 2011
species654	PMID:20139281	pro	044	Int J Syst Evol Microbiol. 61(Pt 1):40-4, 2011
species655	PMID:20980498	vir	057	J Virol. 85(1):497-509, 2011
species656	PMID:20619886	med	005	Lancet. 377(9759):85-95, 2011
species657	PMID:20980500	vir	059	J Virol. 85(1):178-88, 2011
species658	PMID:20950650	vir	015	J Virol Methods. 171(1):67-73, 2011
species659	PMID:20854397	bot	064	New Phytol. 189(1):122-34, 2011
species660	PMID:20971134	vir	051	J Virol Methods. 171(1):102-6, 2011
species661	PMID:21294724	zoo	062	J Anim Ecol. 80(2):307-9, 2011
species662	PMID:21097608	bac	051	J Bacteriol. 193(3):670-8, 2011
species663	PMID:21514890	med	100	Lancet Neurol. 10(6):538-49, 2011
species664	PMID:21895819	ent	059	Insect Mol Biol. 20(6):701-11, 2011
species665	PMID:21097613	bac	056	J Bacteriol. 193(3):640-8, 2011
species666	PMID:21323920	zoo	064	J Anim Ecol. 80(3):603-14, 2011
species667	PMID:21097617	bac	058	J Bacteriol. 193(3):715-22, 2011
species668	PMID:21815956	ent	057	Insect Mol Biol. 20(5):651-65, 2011
species669	PMID:20880021	zoo	015	J Anim Ecol. 80(1):39-48, 2011
species670	PMID:21097623	bac	060	J Bacteriol. 193(2):473-84, 2011
species671	PMID:20880024	zoo	018	J Anim Ecol. 80(1):49-56, 2011
species672	PMID:21097625	bac	061	J Bacteriol. 193(2):367-76, 2011
species673	PMID:21514396	myc	082	Fungal Genet Biol. 48(7):714-24, 2011
species674	PMID:21097631	bac	067	J Bacteriol. 193(2):441-8, 2011
species675	PMID:20840608	zoo	013	J Anim Ecol. 80(1):215-24, 2011
species676	PMID:20840611	bot	062	New Phytol. 189(1):218-28, 2011
species677	PMID:21793956	ent	055	Insect Mol Biol. 20(5):667-74, 2011
species678	PMID:21585578	ent	041	Insect Mol Biol. 20(4):417-28, 2011
species679	PMID:20807339	bot	051	New Phytol. 189(1):272-81, 2011
species680	PMID:21199021	ent	025	Insect Mol Biol. 20(3):323-34, 2011
species681	PMID:21269677	med	042	Lancet. 377(9766):680-9, 2011
species682	PMID:21269682	med	044	Lancet. 377(9768):863-73, 2011
species683	PMID:21269685	med	047	Lancet. 377(9763):429-37, 2011
species684	PMID:20650684	pro	005	Protist. 162(1):168-76, 2011
species685	PMID:20951744	vir	020	J Virol Methods. 171(1):81-5, 2011
species686	PMID:21220037	myc	051	Fungal Genet Biol. 48(6):631-40, 2011
species687	PMID:20887752	vir	004	J Virol Methods. 171(1):21-5, 2011
species688	PMID:20173002	pro	056	Int J Syst Evol Microbiol. 61(Pt 1):148-54, 2011
species689	PMID:20173003	pro	057	Int J Syst Evol Microbiol. 61(Pt 1):144-7, 2011
species690	PMID:20173005	pro	059	Int J Syst Evol Microbiol. 61(Pt 1):132-7, 2011
species691	PMID:20854479	ent	003	Insect Mol Biol. 20(1):97-104, 2011
species692	PMID:20173008	pro	062	Int J Syst Evol Microbiol. 61(Pt 1):118-22, 2011
species693	PMID:20173010	pro	064	Int J Syst Evol Microbiol. 61(Pt 1):91-8, 2011
species694	PMID:21226710	zoo	052	J Anim Ecol. 80(3):577-85, 2011
species695	PMID:21272792	med	046	Lancet Infect Dis. 11(2):119-30, 2011
species696	PMID:21272793	med	047	Lancet Infect Dis. 11(2):131-41, 2011
species697	PMID:21131485	bac	077	J Bacteriol. 193(4):832-41, 2011
species698	PMID:21131487	bac	078	J Bacteriol. 193(4):971-8, 2011
species699	PMID:21131488	bac	079	J Bacteriol. 193(3):631-9, 2011
species700	PMID:21397712	myc	072	Fungal Genet Biol. 48(7):725-30, 2011
species701	PMID:21131490	bac	080	J Bacteriol. 193(3):759-67, 2011
species702	PMID:21087459	zoo	033	J Anim Ecol. 80(2):332-41, 2011
species703	PMID:21131495	bac	083	J Bacteriol. 193(3):783-4, 2011
species704	PMID:21131497	bac	084	J Bacteriol. 193(3):599-610, 2011
species705	PMID:21521137	ent	062	J Insect Sci. 11:10, 2011
species706	PMID:21109491	med	015	Lancet Oncol. 12(3):296-305, 2011
species707	PMID:21521144	ent	069	J Insect Sci. 11:2, 2011
species708	PMID:21558012	myc	085	Fungal Genet Biol. 48(9):904-13, 2011
species709	PMID:21198589	zoo	049	J Anim Ecol. 80(3):539-47, 2011
species710	PMID:21176790	myc	046	Fungal Genet Biol. 48(4):430-7, 2011
species711	PMID:21256455	med	041	Lancet Neurol. 10(2):173-86, 2011
species712	PMID:21115656	bac	073	J Bacteriol. 193(3):649-59, 2011
species713	PMID:21371657	med	062	Lancet Infect Dis. 11(3):236-47, 2011
species714	PMID:20118284	pro	042	Int J Syst Evol Microbiol. 61(Pt 1):20-4, 2011
species715	PMID:20980497	vir	056	J Virol. 85(2):883-94, 2011
species716	PMID:21906194	ent	060	Insect Mol Biol. 20(6):775-86, 2011
species717	PMID:20139283	pro	046	Int J Syst Evol Microbiol. 61(Pt 1):25-9, 2011
species718	PMID:20139284	pro	047	Int J Syst Evol Microbiol. 61(Pt 1):30-4, 2011
species719	PMID:21296405	med	051	Lancet. 377(9769):942-55, 2011
species720	PMID:20980503	vir	062	J Virol. 85(1):146-55, 2011
species721	PMID:20962095	vir	041	J Virol. 85(1):243-53, 2011
species722	PMID:20962077	vir	023	J Virol. 85(1):582-95, 2011
species723	PMID:20980510	vir	069	J Virol. 85(1):366-77, 2011
species724	PMID:20962079	vir	025	J Virol. 85(1):397-409, 2011
species725	PMID:20980513	vir	078	J Virol. 85(1):644-8, 2011
species726	PMID:20962082	vir	028	J Virol. 85(1):568-81, 2011
species727	PMID:20980515	vir	074	J Virol. 85(1):112-22, 2011
species728	PMID:21366564	zoo	072	J Anim Ecol. 80(4):753-60, 2011
species729	PMID:20980519	vir	078	J Virol. 85(2):895-904, 2011
species730	PMID:20980520	vir	079	J Virol. 85(1):189-99, 2011
species731	PMID:21361929	zoo	069	J Anim Ecol. 80(4):809-17, 2011
species732	PMID:20962092	vir	038	J Virol. 85(1):200-7, 2011
species733	PMID:22182621	ent	098	Environ Entomol. 40(1):126-31, 2011
species734	PMID:20962097	vir	043	J Virol. 85(1):21-31, 2011
species735	PMID:20962098	vir	045	J Virol. 85(1):357-65, 2011
species736	PMID:20962100	vir	046	J Virol. 85(1):510-8, 2011
species737	PMID:21269301	zoo	059	J Anim Ecol. 80(3):519-27, 2011
species738	PMID:21166910	ent	020	Insect Mol Biol. 20(3):291-301, 2011
species739	PMID:21521216	zoo	100	J Anim Ecol. 80(5):1088-96, 2011
species740	PMID:20884290	pro	018	Protist. 162(2):207-21, 2011
species741	PMID:21420357	pro	033	Protist. 162(3):373-93, 2011
species742	PMID:21169481	bac	095	J Bacteriol. 193(5):1114-21, 2011
species743	PMID:20880202	bot	058	Plant Cell Environ. 34(1):162-78, 2011
species744	PMID:20880204	bot	010	Plant Cell Environ. 34(2):208-19, 2011
species745	PMID:21797944	ent	056	Insect Mol Biol. 20(5):637-49, 2011
species746	PMID:21182522	zoo	046	J Anim Ecol. 80(2):456-65, 2011
species747	PMID:21689183	ent	046	Insect Mol Biol. 20(4):447-56, 2011
species748	PMID:21689185	ent	048	Insect Mol Biol. 20(4):465-91, 2011
species749	PMID:21371747	med	064	Lancet. 377(9770):1019-31, 2011
species750	PMID:21036392	med	010	Lancet. 377(9770):1032-45, 2011
species751	PMID:20819175	bot	052	New Phytol. 189(1):135-47, 2011
species752	PMID:21601645	myc	090	Fungal Genet Biol. 48(8):793-805, 2011
species753	PMID:21029232	ent	015	Insect Mol Biol. 20(1):87-95, 2011
species754	PMID:21039480	zoo	025	J Anim Ecol. 80(1):259-69, 2011
species755	PMID:20971898	bac	003	J Bacteriol. 193(1):225-35, 2011
species756	PMID:20971899	bac	004	J Bacteriol. 193(1):246-64, 2011
species757	PMID:20692868	pro	010	Protist. 162(1):14-32, 2011
species758	PMID:21354373	med	059	Lancet Oncol. 12(7):703-8, 2011
species759	PMID:21511047	myc	079	Fungal Genet Biol. 48(9):858-65, 2011
species760	PMID:21511048	myc	080	Fungal Genet Biol. 48(8):823-30, 2011
species761	PMID:21526926	ent	071	J Insect Sci. 11:12, 2011
species762	PMID:21526927	ent	092	J Insect Sci. 11:11, 2011
species763	PMID:21526929	ent	074	J Insect Sci. 11:18, 2011
species764	PMID:21526930	ent	095	J Insect Sci. 11:19, 2011
species765	PMID:21526935	ent	079	J Insect Sci. 11:30, 2011
species766	PMID:20933016	vir	010	J Virol Methods. 171(1):34-9, 2011
species767	PMID:21147038	med	018	Lancet Neurol. 10(2):187-98, 2011
species768	PMID:20831647	bot	054	New Phytol. 189(1):229-40, 2011
species769	PMID:21295520	pro	028	Protist. 162(3):525-41, 2011
species770	PMID:21097628	bac	064	J Bacteriol. 193(2):506-15, 2011
species771	PMID:21250989	zoo	056	J Anim Ecol. 80(3):650-6, 2011
species772	PMID:21250990	zoo	057	J Anim Ecol. 80(3):586-94, 2011
species773	PMID:21320625	myc	064	Fungal Genet Biol. 48(7):651-60, 2011
species774	PMID:21241331	bot	046	Plant Cell Environ. 34(5):752-63, 2011
species775	PMID:20935092	bac	002	J Bacteriol. 193(4):1018-20, 2011
species776	PMID:21155772	zoo	041	J Anim Ecol. 80(2):484-94, 2011
species777	PMID:21169482	bac	096	J Bacteriol. 193(5):1201-11, 2011
species778	PMID:21281728	myc	061	Fungal Genet Biol. 48(4):359-69, 2011
species779	PMID:19667393	pro	041	Int J Syst Evol Microbiol. 61(Pt 1):53-9, 2011
species780	PMID:21251017	bot	098	Plant Cell Environ. 34(4):554-64, 2011
species781	PMID:21084112	med	013	Lancet. 377(9768):849-62, 2011
species782	PMID:21037009	bac	032	J Bacteriol. 193(1):75-81, 2011
species783	PMID:21453780	myc	077	Fungal Genet Biol. 48(7):731-40, 2011
species784	PMID:21075925	bac	045	J Bacteriol. 193(4):804-14, 2011
species785	PMID:21075926	bac	046	J Bacteriol. 193(2):340-8, 2011
species786	PMID:21075928	bac	048	J Bacteriol. 193(2):527-39, 2011
species787	PMID:20154329	pro	051	Int J Syst Evol Microbiol. 61(Pt 1):76-80, 2011
species788	PMID:20154330	pro	052	Int J Syst Evol Microbiol. 61(Pt 1):65-70, 2011
species789	PMID:20154332	pro	054	Int J Syst Evol Microbiol. 61(Pt 1):60-4, 2011
species790	PMID:21227492	med	033	Lancet. 377(9764):505-15, 2011
species791	PMID:21296615	med	052	Lancet Oncol. 12(5):489-95, 2011
species792	PMID:20825577	bot	005	Plant Cell Environ. 34(1):52-64, 2011
species793	PMID:21241326	bot	041	f Cell Environ. 34(5):705-16, 2011
species794	PMID:21241327	bot	042	Plant Cell Environ. 34(4):690-703, 2011
species795	PMID:21241329	bot	044	Plant Cell Environ. 34(5):729-37, 2011
species796	PMID:21241330	bot	095	Plant Cell Environ. 34(5):738-51, 2011
species797	PMID:21195251	med	028	Lancet. 377(9759):74-84, 2011
species798	PMID:21241332	bot	047	Plant Cell Environ. 34(5):764-77, 2011
species799	PMID:21401591	zoo	079	J Anim Ecol. 80(4):710-30, 2011
species800	PMID:21401593	zoo	081	J Anim Ecol. 80(4):844-53, 2011
